{
  "sessions": [
    {
      "filename": "recording_20251009_140404.wav",
      "start_time": 1759989844.9988077,
      "duration": 11.531562566757202,
      "peak_level": 